shopid,shop_name,shop_location,shop_rating,shopee_verified
711707322,Chew Berry,H√† N·ªôi,4.519897,True
33435563,Q5_JULIDO,H√† N·ªôi,4.799129,True
195271254,FFStore,TP. H·ªì Ch√≠ Minh,4.905314,False
549747975,Boydegia_timgaituoiteen,H·∫£i D∆∞∆°ng,4.363415,False
217119036,MT - FASHION,H√† N·ªôi,4.683978,True
342057833,MINA.HOUSE,H√† N·ªôi,4.879369,True
391501205,8YO STUDIO,TP. H·ªì Ch√≠ Minh,4.921156,True
16771696,AESHOP0707,H√† N·ªôi,4.896669,True
781218579,Huy·ªÅn Clothing 99,H√† N·ªôi,4.828854,True
90033870,shop gia khang,TP. H·ªì Ch√≠ Minh,4.660051,True
187103490,LARLEY STORE,H√† N·ªôi,4.732931,True
495082115,LATIZIA STUDIO,ƒê·∫Øk N√¥ng,4.744705,True
419358980,CherryStore999,TP. H·ªì Ch√≠ Minh,4.834406,False
448787450,Cardina Fashion,H√† N·ªôi,4.874259,False
358123846,ROWAY official,H√† N·ªôi,4.909849,False
58673037,Kho S·ªâ Qu·∫ßn √Åo Gi√° X∆∞·ªüng,H√† Nam,4.634156,True
410846282,WEDO FASHION,TP. H·ªì Ch√≠ Minh,4.634038,True
389747365,ADOSHOP.MENSWEAR,TP. H·ªì Ch√≠ Minh,4.812861,True
17475845,shopminh1998ql,TP. H·ªì Ch√≠ Minh,4.671299,True
305127454,Shop_Phan,H√† N·ªôi,4.570438,False
220347392,thinhthunhiquy,H√† Nam,4.197395,True
77520556,X∆∞·ªüng may th·ªùi trang si√™u r·∫ª,TP. H·ªì Ch√≠ Minh,4.695685,False
130025328,T91 STORE,H√† N·ªôi,4.764865,True
16580423,zenkonam,H√† N·ªôi,3.449567,False
252680224,XOXO Unisex69,H√† N·ªôi,4.6857,True
171238193,√ÅO CH·ªêNG N·∫ÆNG _KAKI,TP. H·ªì Ch√≠ Minh,4.777041,True
740664224,JEJUL.store,TP. H·ªì Ch√≠ Minh,4.799724,True
51813198,MAYLAN STORE,TP. H·ªì Ch√≠ Minh,4.885653,True
52158625,X∆Ø·ªûNG MAY GIA C√îNG THEO M·∫™U,TP. H·ªì Ch√≠ Minh,4.821314,True
70677296,BAO DANG fashion,TP. H·ªì Ch√≠ Minh,4.708705,False
782549849,PTZ.sg,TP. H·ªì Ch√≠ Minh,4.729503,True
56086378,DOLCE XOM - Long Ho√†ng,H√† N·ªôi,4.672381,False
410557043,Contica,H√† N·ªôi,4.834568,True
152085882,ƒê·ªì th·ªÉ thao nam n·ªØ gi√° r·∫ª SP,TP. H·ªì Ch√≠ Minh,4.645064,False
167989440,TITI FASHION,TP. H·ªì Ch√≠ Minh,4.761371,True
477196600,Manxury Official,H√† N·ªôi,4.855437,True
746278578,BIGO MALL,Nam ƒê·ªãnh,4.296576,True
739771122,Shop96_2023,TP. H·ªì Ch√≠ Minh,4.486647,False
547245811,ENZO ,L√¢m ƒê·ªìng,4.683058,False
747298045,HTM FASHION,TP. H·ªì Ch√≠ Minh,4.410106,False
67864923,ZATA (Bull Sport),H√† N·ªôi,4.804768,True
273483468,B·∫£o B·∫£o_BB,Th√°i B√¨nh,4.567535,False
66198898,ShopMap - Th·ªùi trang tu·ªïi Teen,TP. H·ªì Ch√≠ Minh,4.702506,True
19414441,Dacos,TP. H·ªì Ch√≠ Minh,4.858217,False
780765070,Unisex Avenue,H√† N·ªôi,4.382754,False
460257458,PTZ.STORE,TP. H·ªì Ch√≠ Minh,4.701865,True
563494552,TH Shop - Th·ªùi Trang Tr·∫ª,TP. H·ªì Ch√≠ Minh,4.753438,True
466691142,Baby Teeth,TP. H·ªì Ch√≠ Minh,4.833511,False
296183036,doubleh.storee,H√† N·ªôi,4.720401,False
321258581,MR BEAN FASHION - VNXK 93,ƒê·∫Øk L·∫Øk,4.743851,False
294032085,X∆∞·ªüng√Åo_34,H√† N·ªôi,4.583434,True
784310271,"‡πÄ‡∏™‡∏∑‡πâ‡∏≠‡∏Å‡∏±‡∏ô‡∏•‡∏°, ‡πÄ‡∏™‡∏∑‡πâ‡∏≠‡πÇ‡∏Ñ‡πâ‡∏ó",N∆∞·ªõc ngo√†i,4.632948,False
807276554,GUNNO,H√† N·ªôi,4.758206,True
293910447,xiaoxiao_hd,H√† N·ªôi,4.745172,True
530723148,Gen Z boutique ,Nam ƒê·ªãnh,4.720299,False
203097551,Tr√πm bu√¥n h√†ng h√≥t,Th√°i Nguy√™n,4.414173,False
365676802,shopunisex9,Nam ƒê·ªãnh,4.328512,False
797949148,ATMAN,H√† N·ªôi,4.763814,True
792027893,DOMEN STORE,L√¢m ƒê·ªìng,4.686325,True
30142553,NASU MAY -X∆Ø·ªûNG MAY TH·ªúI TRANG,H√† N·ªôi,4.559736,True
753695314,COOL STORE - FASHION,ƒê·∫Øk N√¥ng,4.706115,False
276574891,ODIN CLUB,H√† N·ªôi,4.82971,True
308542026,Teelab Official,TP. H·ªì Ch√≠ Minh,4.897988,False
362902030,BASIC DREAM - CLOTHES,H√† N·ªôi,4.840352,True
373659258,ptkorder,H√† N·ªôi,4.953715,True
445450015,StyleMarven - Qu·∫ßn √°o Unisex,H√† N·ªôi,3.900115,False
18825659,shondlesandal,TP. H·ªì Ch√≠ Minh,4.876816,True
26918633,MT Shop H√†ng Qu·∫£ng Ch√¢u,H√† N·ªôi,4.789973,False
574357775,LUVICK1207,H√† N·ªôi,4.74768,True
400003849,Nice Clothes.,H√† N·ªôi,4.829831,True
77256939,Be Mine,H√† N·ªôi,3.160693,False
849446102,Bomber_Zone34,H√† N·ªôi,4.459978,True
43164597,Bamboo Streewear,H√† N·ªôi,4.902345,True
294029838,dep_unisex_hn,H·∫£i D∆∞∆°ng,4.452725,False
294420623,Ao_Thun_Unisex_Official,H·∫£i D∆∞∆°ng,4.884832,True
17227968,BAO DANG FASHION1,TP. H·ªì Ch√≠ Minh,4.656481,True
281309308,DOMINION - TH·ªúI TRANG UNISEX,TP. H·ªì Ch√≠ Minh,4.744126,True
127217331,5S FASHION OFFICIAL,H√† N·ªôi,4.928021,False
48322160,ttshopgiare,TP. H·ªì Ch√≠ Minh,4.79175,True
160417625,zukabeo_shop,TP. H·ªì Ch√≠ Minh,4.488622,True
805909778,ZONEF OFFICIAL,H√† N·ªôi,4.771438,True
472704004,Tm81Store,Gia Lai,4.684411,True
530911071,T·ªïng Kho Th·ªùi Trang Q9,Nam ƒê·ªãnh,4.299133,False
57975387,Men Art Store,H√† N·ªôi,4.863269,True
52682650,KARLEY STORE,H√† N·ªôi,4.715633,True
254790168,HHP FASHION,TP. H·ªì Ch√≠ Minh,4.39836,True
311126195,X∆∞·ªüng¬†Chuy√™n¬†S·ªâ¬†√Åo¬†Ch·ªëng¬†N·∫Øng,TP. H·ªì Ch√≠ Minh,4.842866,True
294323599,4_Teen_ShopHQ,H·∫£i D∆∞∆°ng,4.917016,True
883788875,AnhKhanhshop87,Ph√∫ Th·ªç,4.85149,True
98124463,HK Store - H√†ng VNXK,Ph√∫ Th·ªç,4.7343,False
341149427,MIXMAX Streetwear,H√† N·ªôi,4.874088,False
253601948,MIANT STORE 3,TP. H·ªì Ch√≠ Minh,4.767323,True
234503065,ao_thun8892,H·∫£i D∆∞∆°ng,4.920602,False
198196010,Z01 Town,H√† N·ªôi,4.888209,False
275899480,Helloyou Official,H√† N·ªôi,4.838084,True
58685527,2000.com.vn,H√† N·ªôi,4.732103,True
957266814,kaystoreonline,TP. H·ªì Ch√≠ Minh,4.43029,True
814983649,JEGO.UNISEX,H√† N·ªôi,4.715567,False
294412280,Jeans_Basic_HQ,H·∫£i D∆∞∆°ng,4.946909,True
519706283,FASHION PTZ.Store,TP. H·ªì Ch√≠ Minh,4.723217,True
130154555,thoitrangtre.com,H√† N·ªôi,4.623701,True
724617386,KAY-STORE,TP. H·ªì Ch√≠ Minh,4.589721,True
43488350,FAKING,TP. H·ªì Ch√≠ Minh,4.77552,False
148407410,HAVADO Menswear,TP. H·ªì Ch√≠ Minh,4.828921,True
703955472,DINO 20,Th√°i Nguy√™n,4.694501,False
56031075,Chuy√™n s·ªâ l·∫Ω qu·∫ßn nam,ƒê√† N·∫µng,4.709466,False
535360476,X∆∞·ªüng Qu·∫ßn B√≤ Gi√° R·∫ªüî±,Th√°i Nguy√™n,4.590852,True
40021101,HEMS FASHION,Th√°i B√¨nh,4.733438,True
127115231,jeandep_thoitrang,TP. H·ªì Ch√≠ Minh,4.623894,True
230993635,X-men Shop 37,Ngh·ªá An,4.339695,True
312461697,Shop chuy√™n th·ªùi trang nam,B√¨nh D∆∞∆°ng,4.738306,False
362579679,LAVADO Menswear,TP. H·ªì Ch√≠ Minh,4.826917,True
682198966,KING77_FASHION,TP. H·ªì Ch√≠ Minh,4.72286,True
294394193,ThoitrangHQ.Store,H·∫£i D∆∞∆°ng,4.933859,True
730628223,Auroro.vn,N∆∞·ªõc ngo√†i,4.793136,True
479443956,Trend Clothing_Store,H√† N·ªôi,4.761405,False
294162420,NC - November Clothing,H√† N·ªôi,4.645617,False
280556005,FAZA_SHOP,TP. H·ªì Ch√≠ Minh,4.834094,False
439648449,Gi√≥ Store 68,H√† N·ªôi,4.751416,True
397949373,Gin_D,H√† N·ªôi,4.720537,False
3596871,X∆∞·ªüng May Qu·∫ßn Jean Nam - N·ªØ,ƒê√† N·∫µng,4.64338,True
236144271,Unicorns Store,TP. H·ªì Ch√≠ Minh,4.720609,True
115308834,shopphale99,TP. H·ªì Ch√≠ Minh,4.678803,True
294643448,quan_bo_dep_gia_sinh_vien,H·∫£i D∆∞∆°ng,4.919746,True
369369020,ALLEN STORE,TP. H·ªì Ch√≠ Minh,4.76162,True
590010013,Elmen Official,H√† N·ªôi,4.806323,True
836877673,TMSHOP68QJ,TP. H·ªì Ch√≠ Minh,4.496084,False
119017165,20We Style$Clothing,H√† N·ªôi,4.819993,True
63168762,SuperStorm Store,TP. H·ªì Ch√≠ Minh,4.810099,False
41726939,SuzaSport - Qu·∫ßn √Åo Xu·∫•t D∆∞,H√† N·ªôi,4.633026,True
649887452,Hungocb Studio,TP. H·ªì Ch√≠ Minh,4.863696,True
368338360,Will Shop_01,TP. H·ªì Ch√≠ Minh,4.683293,False
89210712,Unisex.shop3,Nam ƒê·ªãnh,4.46528,True
476326833,GinsengStore,TP. H·ªì Ch√≠ Minh,4.713004,False
684068473,NamHoaiFashion19,H√† N·ªôi,3.978022,False
510307075,Yelan c·ª≠a ti·ªám,N∆∞·ªõc ngo√†i,4.799297,False
236416978,DCSG ,TP. H·ªì Ch√≠ Minh,4.942341,False
485660328,Athanor Streetwear,H√† N·ªôi,4.788045,False
147861227,VSTYLE,TP. H·ªì Ch√≠ Minh,4.802448,True
228476792,RATEL STORE,TP. H·ªì Ch√≠ Minh,4.820439,True
606962043,TH·ªúI TRANG HOTTREN 365,H√† N·ªôi,4.116909,True
704317817,KHOUSE-ÌïúÍµ≠ Ïó¨ÏÑ± Ìå®ÏÖò,N∆∞·ªõc ngo√†i,4.364119,False
294139394,LocalBrand_official,H√† N·ªôi,4.633709,False
30764411,ShopKT99,TP. H·ªì Ch√≠ Minh,4.675239,True
82095709,shineess.vn,N∆∞·ªõc ngo√†i,4.424963,False
261459456,tinastore.hn,Nam ƒê·ªãnh,4.27254,False
332319413,Y-C Men's Fashion.VN,N∆∞·ªõc ngo√†i,4.61934,True
807733258,Royal Dragon Fashion Clothing,N∆∞·ªõc ngo√†i,4.502538,False
238685657,myn.storee,Nam ƒê·ªãnh,4.801662,False
149210564,Tianyi Bird Clothing,N∆∞·ªõc ngo√†i,4.760105,True
37144829,Nocturnal,TP. H·ªì Ch√≠ Minh,4.885373,True
21287071,2T STORE | HOODIE UNISEX,TP. H·ªì Ch√≠ Minh,4.852713,False
570592825,fashion1111111.vn,N∆∞·ªõc ngo√†i,4.629463,True
881309585,Magee,N∆∞·ªõc ngo√†i,4.585235,True
263073233,X∆Ø·ªûNG IN S·ªà L·∫∫,H√† N·ªôi,4.091971,False
141740203,TARBO.CLUB,TP. H·ªì Ch√≠ Minh,4.851896,True
548514657,SoChi.Fashion,H√† N·ªôi,4.835375,False
81415163,dothienb7632,TP. H·ªì Ch√≠ Minh,4.656246,True
333116310,bb_hoodie,TP. H·ªì Ch√≠ Minh,4.747195,True
319710653,T√öI X√ÅCH UNISEX,TP. H·ªì Ch√≠ Minh,4.693791,True
150442729,TXR.THOXRI,TP. H·ªì Ch√≠ Minh,4.880379,True
14883477,Kachuch,TP. H·ªì Ch√≠ Minh,4.685203,True
18358096,giare01,Nam ƒê·ªãnh,4.569239,False
478787649,X∆∞·ªüng bu√¥n s·ªâ l·∫ª,H√† N·ªôi,4.413035,False
742557003,MC¬†Ch√¢u¬†ng·ªçc,H√† N·ªôi,4.847791,False
37101020,Vender _Store,H√† N·ªôi,4.770903,True
268361292,KEMGIO SHOP,H√† N·ªôi,4.593826,False
132356461,ree.vn,TP. H·ªì Ch√≠ Minh,4.927355,True
862378262,Beren,Nam ƒê·ªãnh,4.961318,False
456166238,Soayoou.vn,N∆∞·ªõc ngo√†i,4.742981,True
644252338,The Good,H√† N·ªôi,4.920449,False
461923258,By UniSpace ,TP. H·ªì Ch√≠ Minh,4.910166,True
88972759,DUBATI FASHION,TP. H·ªì Ch√≠ Minh,4.205312,True
525813362,Hustle All Day,H√† N·ªôi,4.859337,False
317477677,Levents .vn,TP. H·ªì Ch√≠ Minh,4.926332,False
77674415,Oversized Fashion T-shirt,N∆∞·ªõc ngo√†i,4.472044,False
423720113,Sozo Store,H√† N·ªôi,4.025071,False
127116885,K9 Unisex,H√† N·ªôi,4.917006,False
47553988,VIRGO MEN'S FASHION,H√† N·ªôi,4.494605,True
440192456,Super Fashion P,TP. H·ªì Ch√≠ Minh,4.81287,False
619008111,AOKANG,N∆∞·ªõc ngo√†i,4.477838,False
154100193,xuongchuyensi9x,TP. H·ªì Ch√≠ Minh,4.646142,True
195984971,KT Clothing Studio,N∆∞·ªõc ngo√†i,4.622445,True
133187620,TLS - The Light Studio,H√† N·ªôi,4.933469,True
446209337,B·∫£o B·∫£o  Clothes,Th√°i B√¨nh,4.54299,False
313347123,KingMan_official,T√¢y Ninh,4.684164,True
860106406,hpyiowa168.vn,N∆∞·ªõc ngo√†i,4.760373,True
10086143,HATA 24H,TP. H·ªì Ch√≠ Minh,4.710338,True
852355912,BEEYANBUY,Th√°i Nguy√™n,4.849568,False
419394380,T-YOO,N∆∞·ªõc ngo√†i,4.789244,False
452430389,BONELI,H√† N·ªôi,4.793908,False
98286976,Tharo Clothing,TP. H·ªì Ch√≠ Minh,4.9145,True
11348336,√Åo thun William Store,TP. H·ªì Ch√≠ Minh,4.792688,True
14567432,Wonna - Unisex & Street Style,TP. H·ªì Ch√≠ Minh,4.848926,True
899057460,Shop Th·ªùi Trang 18,Nam ƒê·ªãnh,4.587744,False
154548458,atys.vn,TP. H·ªì Ch√≠ Minh,4.813731,True
619007054,Faruiline Official Store,N∆∞·ªõc ngo√†i,4.511517,True
96725439,Moda.Style,Nam ƒê·ªãnh,4.827593,True
38038824,SUKIYA OFFICIAL STORE,H√† N·ªôi,4.828328,False
116666299,Th·∫ø gi·ªõi_Bigsize,TP. H·ªì Ch√≠ Minh,4.838131,True
28623751,Jogger Pants C·ª±c Ch·∫•t - Unisex,TP. H·ªì Ch√≠ Minh,4.847395,True
192988971,Gman : Th·ªùi trangnam,H√† N·ªôi,4.812344,True
10916771,Mixxstore Clothes,H√† N·ªôi,4.191788,False
202189835,JFD Shop,N∆∞·ªõc ngo√†i,4.575515,False
16859837,Shopnhatban247.com,H√† N·ªôi,4.900792,False
65969157,Aither Studio,TP. H·ªì Ch√≠ Minh,4.896638,True
378225783,Cc.clothing.VN,H√† N·ªôi,4.786392,True
99942179,Minh Anh Unisex,Nam ƒê·ªãnh,4.043084,False
458595283,Tide brand Unisex Clothing,N∆∞·ªõc ngo√†i,4.774319,False
801477403,dafeng.vn,N∆∞·ªõc ngo√†i,4.580989,True
314050421,sentinials,TP. H·ªì Ch√≠ Minh,4.779302,True
80102701,MISSOUT,TP. H·ªì Ch√≠ Minh,4.871446,True
448790585,MayLinh shop,H√† N·ªôi,4.836363,True
28922289,Th·ªùi Trang ERIK,TP. H·ªì Ch√≠ Minh,4.611033,False
343707724,1KENZ_SHOP,TP. H·ªì Ch√≠ Minh,4.467581,True
467438940,minghong02.vn,N∆∞·ªõc ngo√†i,4.624187,True
624263846,Mabel_storevn,TP. H·ªì Ch√≠ Minh,4.636943,True
494757116,MODA.style2,Nam ƒê·ªãnh,4.834766,True
439665340,IDouDou.vn,N∆∞·ªõc ngo√†i,4.51733,False
451021973,Dynamite Clothing,N∆∞·ªõc ngo√†i,4.604643,True
105306980,UNISEX.SHOP1,Nam ƒê·ªãnh,4.602861,True
407774554,AFFLIGA,N∆∞·ªõc ngo√†i,4.605835,False
390979412,Unisex.shop2,Nam ƒê·ªãnh,4.563342,True
413387915,Aida shop,N∆∞·ªõc ngo√†i,4.652023,False
452480749,SQ Men's Fashion Store,N∆∞·ªõc ngo√†i,4.597461,True
479202443,courtyardflower06.vn,N∆∞·ªõc ngo√†i,4.43266,True
68208764,Trung shop99,Thanh H√≥a,4.478966,False
181877747,Tingoan Store,H√† N·ªôi,4.948597,False
425718947,Multi Haus,H√† N·ªôi,4.872366,True
601039096,Qu·∫ßn √Åo Trong M∆° C·ªßa Nam Gi·ªõi,N∆∞·ªõc ngo√†i,4.659704,True
293869517,dep_au_34,H√† N·ªôi,4.616908,False
727454403,Shop Th·ªùi Trang Thubio,Thanh H√≥a,4.580702,True
56661870,UNISEX SHOP 5,Nam ƒê·ªãnh,4.834148,False
581120724,shangque01.vn,N∆∞·ªõc ngo√†i,4.528017,False
284583606, CUNA,H√† N·ªôi,4.777308,True
760033200,Man UP.vn,N∆∞·ªõc ngo√†i,4.087282,False
219530572,high2.vn,N∆∞·ªõc ngo√†i,4.667921,True
807592281,G√¢u Unisex 1999,H·∫£i D∆∞∆°ng,4.737583,True
264983305,GT_FOURTRY .vn,N∆∞·ªõc ngo√†i,4.601094,False
463716463,arzery.vn,N∆∞·ªõc ngo√†i,4.768317,False
364598436,vesca_officalstore,H√† N·ªôi,4.675205,False
20228099,1988-Shop th·ªùi trang nam n·ªØ,H·∫£i D∆∞∆°ng,4.507636,True
38003654,Th·ªùi Trang FAVITI,H√† N·ªôi,4.847312,True
51970334,Shop B·∫£o Trang (chuy√™n s·ªâ),Th√°i B√¨nh,4.699413,True
399391573,W COOL&TREND M .vn,N∆∞·ªõc ngo√†i,4.5625,False
845590897,nanafashions.vn,N∆∞·ªõc ngo√†i,4.700252,False
498881374,Trendy Clothes Hall,N∆∞·ªõc ngo√†i,4.357623,True
790030547,binguo.vn,N∆∞·ªõc ngo√†i,4.466667,False
100685648,osmvoi123.vn,N∆∞·ªõc ngo√†i,4.722133,False
638683611,TUNOMA,H√† N·ªôi,4.712251,False
738777425,COB.vintage,H√† N·ªôi,4.840829,False
153274154,khanvintage,H√† N·ªôi,4.867008,True
821612303,Men's shirtsÔºâ/*,N∆∞·ªõc ngo√†i,4.536585,False
202884957,xman.vn,N∆∞·ªõc ngo√†i,4.676841,False
802115234,qu·∫ßn √°o nam l√∫a m·∫°ch,N∆∞·ªõc ngo√†i,4.410131,True
443326039,Vanheo_Fashion,Qu·∫£ng Ninh,4.735784,False
27228264,jaystoree,TP. H·ªì Ch√≠ Minh,4.877032,True
450960621,huangxb.vn,N∆∞·ªõc ngo√†i,4.713297,True
768381058,Baolaiwu.vn,N∆∞·ªõc ngo√†i,4.5,False
15206925,Kho s·ªâ th·ªùi trang nam gi√° g·ªëc,H√† N·ªôi,4.648733,False
28692628,X∆∞·ªüng may s·ªâ th·ªùi trang nam ,H√† N·ªôi,4.723916,True
446727259,Th·ªùi Trang Cao C·∫•p Akistore88,H√† N·ªôi,4.785225,False
15137681,thinluong,TP. H·ªì Ch√≠ Minh,4.920683,True
117774125,LANA FASHION,TP. H·ªì Ch√≠ Minh,4.340301,True
391238970,GIDI - QU·∫¶N √ÅO UNISEX,TP. H·ªì Ch√≠ Minh,4.89378,True
301143667,G·ªëm S·ª© Ho√†i Ni·ªám,TP. H·ªì Ch√≠ Minh,4.765021,False
232434430,KING S·ªâ C√† V·∫°t-N∆°-Gile-√Åo Qu·∫ßn,TP. H·ªì Ch√≠ Minh,4.848477,True
19448747,shoptuanngoc,TP. H·ªì Ch√≠ Minh,4.715894,False
68926569,carpediem.2k,H√† N·ªôi,4.791667,False
14956160,T·ªîNG KHO S·ªà TH·ªúI TRANG VNXK,H√† N·ªôi,4.734843,True
122309662,S89 STORE,H√† N·ªôi,4.644869,False
696791967,Men's EOEO,N∆∞·ªõc ngo√†i,4.539337,True
734609755,C·ª≠a h√†ng ƒë·ªì nam RR.vn,N∆∞·ªõc ngo√†i,4.311986,False
928207729,C·ªåP.vintage,H√† N·ªôi,4.899449,True
329002439,BEFOYI Official Store,N∆∞·ªõc ngo√†i,4.37665,False
423834136,Mr.wolf.vn,N∆∞·ªõc ngo√†i,4.763781,True
141921231, INCERUN Official Store,N∆∞·ªõc ngo√†i,4.72497,False
237614582,Th·ªùi Trang Vest - DUKI STORE,Nam ƒê·ªãnh,4.816306,True
294187612,VuHai.vn,H√† N·ªôi,4.906371,False
59596762,Th·ªùi Trang MANDO,H√† N·ªôi,4.845312,False
139657719,Ti·ªám C≈® Kƒ®,TP. H·ªì Ch√≠ Minh,4.925426,True
114310081,B·ªô Vest Nam cao c·∫•p,H√† N·ªôi,4.948339,False
89788513,T-A-N,TP. H·ªì Ch√≠ Minh,4.805936,False
442710143,TH·ªúI TRANG MISUDO,H√† N·ªôi,4.764869,False
156258381,Biluxury V∆∞∆°ng,H√† N·ªôi,4.853765,True
715077913,Th·ªùi¬†Trang¬†Vinh¬†Mai,H√† N·ªôi,4.754877,True
571738766,Ngantramshop,ƒê√† N·∫µng,4.641621,False
29600811,Phi Boutique- Th·ªùi trang Nam,H∆∞ng Y√™n,4.782131,True
16596480,C√Å ORDER üê≥,Thanh H√≥a,4.818405,False
120503376,MH MEN STORE,TP. H·ªì Ch√≠ Minh,4.607179,True
480276809,TRENDYSTW STORE,ƒê√† N·∫µng,4.837662,False
272162596,Dainganstore,TP. H·ªì Ch√≠ Minh,4.80855,True
75484408,LB_OFFICIAL,TP. H·ªì Ch√≠ Minh,4.858904,False
315521447,KENZ Fashion,TP. H·ªì Ch√≠ Minh,4.773345,True
835301464,QuƒÉn Studio,TP. H·ªì Ch√≠ Minh,4.843824,True
257372007,NEWSEVEN,H√† N·ªôi,4.93428,False
127737506,Sneaker_2am,H·∫£i D∆∞∆°ng,4.455558,False
22334363,Shop S·ªâ V√† L·∫ª Qu·∫ßn Jean NamN·ªØ,ƒê√† N·∫µng,4.724974,True
454133532,Dusty Studio,H√† N·ªôi,4.822917,False
495909875,shopquanjeannam,ƒê√† N·∫µng,4.678697,False
81982951,Qu·∫ßn Jean Nam Cao C·∫•p VNXK,TP. H·ªì Ch√≠ Minh,4.610738,False
396434623,anyoung_official,H√† N·ªôi,4.873149,True
79204319,Sogeum.Store,H√† N·ªôi,4.798035,True
439735650,patadoshop,H√† N·ªôi,4.792528,True
67957003,Qu·∫ßn √°o Nam Pon.mens,H√† N·ªôi,4.820556,True
744258715,BENZ.Studio,H√† N·ªôi,4.810943,True
24676562,THE K300,TP. H·ªì Ch√≠ Minh,4.865834,True
58565485,1991-STORE,TP. H·ªì Ch√≠ Minh,4.707773,True
314444552,M·ªôc Clothes,H√† N·ªôi,4.786203,True
430577475,DepLeBaoBinhShop33.4,H·∫£i D∆∞∆°ng,4.446976,False
161355597,LEO.vn,TP. H·ªì Ch√≠ Minh,4.662109,False
166280750,Bonbon Order Ulzzang üî•üî•üî•,H√† N·ªôi,4.793782,False
187031279,rockydenim,TP. H·ªì Ch√≠ Minh,4.925211,True
459183537,H&S Shop Th·ªùi Trang ,H·∫£i D∆∞∆°ng,4.917549,True
637868973,Maxstore Official,H√† N·ªôi,4.591389,True
130150243,Lady-Hn Store88,TP. H·ªì Ch√≠ Minh,4.534791,True
128420095,Crying Center,H√† N·ªôi,4.804168,False
43557783,V∆∞∆°ng Nam Online,TP. H·ªì Ch√≠ Minh,4.814116,True
48493827,DABASS STORE,TP. H·ªì Ch√≠ Minh,4.730756,True
601913983,WHY NOT STORE,H√† N·ªôi,4.784038,True
618489243,ducdenshop,Ngh·ªá An,4.649229,True
391575987,Sumyfashion.com,TP. H·ªì Ch√≠ Minh,4.710883,True
140364165,AH-Fashion,TP. H·ªì Ch√≠ Minh,4.739502,True
515022258,Qu·∫ßn jean baggy - Clothing,H√† N·ªôi,4.60003,True
79223494,Snomad - Th·ªùi trang nam,H√† N·ªôi,4.774754,True
74173043,BROKEBOIZ,H√† N·ªôi,4.923557,False
769876009,daduhey men's clothing,N∆∞·ªõc ngo√†i,4.567553,True
54308152,SHOPTRUCQUYNH,TP. H·ªì Ch√≠ Minh,4.839705,True
9762633,XUMON STORE,TP. H·ªì Ch√≠ Minh,4.740118,True
686778960,Unique¬†VN,TP. H·ªì Ch√≠ Minh,4.838325,True
619003929,MAST Official Shop,N∆∞·ªõc ngo√†i,4.632858,True
364593709,Store.Aveno.vn54353gfdfs74,H√† N·ªôi,4.75078,False
595067446,XX MENS FASHION,H√† N·ªôi,4.624937,False
322771929,Coo.com.vn,H√† N·ªôi,4.892456,True
284443832,Anime/Manga 's Shop,Nam ƒê·ªãnh,4.849098,False
869690900,TIAN LAN,N∆∞·ªõc ngo√†i,4.328358,False
234802632,kanye0310,N∆∞·ªõc ngo√†i,4.584699,False
7782867,X∆∞·ªüng May H·∫£i Ph√∫c VN,Nam ƒê·ªãnh,4.587664,True
95968067,halos.vn,N∆∞·ªõc ngo√†i,4.5,True
288910981,quanaonamcongsoredep,H√† Tƒ©nh,4.884332,True
472270474,Men's Wear Club,N∆∞·ªõc ngo√†i,4.603543,True
865717263,Tu·∫•n Shop - ƒê·ªì Nam Thi·∫øt K·∫ø,H√† N·ªôi,4.714454,False
442912963,DATAMŒõN - Official Store,H√† N·ªôi,4.89166,True
491237163,ƒê·ª©c AnhSShop1,H√† N·ªôi,4.673774,False
343489307,Hemes,H√† N·ªôi,4.685039,False
122078356,Vest Nam Cao C·∫•p -TIANO,Th√°i B√¨nh,4.794769,False
852735063,xiabifeng1213.vn,N∆∞·ªõc ngo√†i,4.676056,False
342570442,HERO - Store,H√† N·ªôi,4.948571,False
549815595,VuHai.Store,H√† N·ªôi,4.973545,False
842092370,BAETON OFFICIAL,H√† N·ªôi,4.824902,True
61199990,REETRO,TP. H·ªì Ch√≠ Minh,4.91394,True
395506251,kejianzhen.vn,N∆∞·ªõc ngo√†i,4.618644,False
740366074,Veratino Official,H√† N·ªôi,4.670865,False
690740265,MMLUCK,N∆∞·ªõc ngo√†i,4.748912,False
226772595,SANMINHCHAU,H√† N·ªôi,4.840325,True
80894550,dananaoteduo.vn,N∆∞·ªõc ngo√†i,4.763446,False
14139179,T√öI MIMI ,H√† N·ªôi,4.896249,False
355191517,MEN Shop Fashion,H√† N·ªôi,4.877167,True
263118624,bachhoatonghoptamtam,H√† N·ªôi,5.0,False
617833578,Man Gang,N∆∞·ªõc ngo√†i,4.380967,True
183199642,Binstore th·ªùi trang nam,H√† Tƒ©nh,4.855996,False
16976010,Hi·ªáu ƒë·ªì 90s,TP. H·ªì Ch√≠ Minh,4.874161,False
43592532,COTINI LUXURY,H√† N·ªôi,4.884863,True
487212999,Th·ªùi trang cao c·∫•p Zakistore,H√† N·ªôi,4.849224,False
96679462,GLMALL-vn,N∆∞·ªõc ngo√†i,4.625342,False
39602203,c∆° s·ªü may ti·∫øn l·ª±c,TP. H·ªì Ch√≠ Minh,4.825597,True
143015918,MAMOSTUDIO,TP. H·ªì Ch√≠ Minh,4.927602,True
423838298,Chumi68.clothing,H√† N·ªôi,4.85576,False
55188436,TN Medical - C·ª≠a H√†ng Y Khoa,ƒê·∫Øk L·∫Øk,4.896625,True
30027493,T√πng T√¢y Unisex Clothing,Nam ƒê·ªãnh,4.718535,True
697931037,APT-Unisex,Th√°i Nguy√™n,4.848812,False
695767850,Nicevn,H√† N·ªôi,4.695862,True
83076489,HN Jeans Store,TP. H·ªì Ch√≠ Minh,4.758215,True
458731311,Tom Store S·ªâ unisex,Nam ƒê·ªãnh,4.83524,False
137711188, TCE ,H√† N·ªôi,4.63185,True
204377827,shop_win99,TP. H·ªì Ch√≠ Minh,4.659596,True
46813604,Bingbooong,H√† N·ªôi,4.88917,True
138792244,OFFICE STORE,H√† N·ªôi,4.594711,True
91192053,Qu·∫ßn √°o th·ªÉ thao Nam n·ªØ ,TP. H·ªì Ch√≠ Minh,4.842718,True
50182365,Gao.studio,H√† N·ªôi,4.917581,True
450374282,Finestudio.vn,N∆∞·ªõc ngo√†i,4.748325,True
316680686,Qu·∫ßn T√¢y Nam H·ªì Ch√≠ Minh,TP. H·ªì Ch√≠ Minh,4.756479,True
392008591,LOHA.BRAND,H√† N·ªôi,4.811552,False
74621133,X∆∞·ª°ng s·ªâ GYM_STOREs,TP. H·ªì Ch√≠ Minh,4.847982,True
499573715,TH·ªúI TRANG UNISEX 99,H√† N·ªôi,4.847939,True
135835834,HORI Th·ªùi Trang Nam,TP. H·ªì Ch√≠ Minh,4.657115,True
365141650,BP Clothing Studio,N∆∞·ªõc ngo√†i,4.399293,False
783635986,Hatton_Gutto.vn,N∆∞·ªõc ngo√†i,4.641101,False
273744769,Litaia,H√† N·ªôi,4.818115,True
401596812,powrofficial.vn,TP. H·ªì Ch√≠ Minh,4.891979,True
75946325,22Gram/Twotwogram,TP. H·ªì Ch√≠ Minh,4.800323,False
876639727,Poca Official Store,H√† N·ªôi,4.893429,True
104170321,Monata Bluelight,ƒê√† N·∫µng,4.86246,False
642361338,Shop Men Bk,H√† N·ªôi,4.679616,True
195603932,ZINTI STORE HCM,H√† N·ªôi,4.865587,False
415614249,ZUTEE.st,H√† N·ªôi,4.824633,True
19337723,WIN69 Fashion,TP. H·ªì Ch√≠ Minh,4.77604,True
317784349,Fashion Mellow,H√† N·ªôi,4.873344,False
493255505,Rew2021,H√† N·ªôi,4.872396,True
242288727,Kho x·ªâ l·∫ª qu·∫ßn √°o,H√† N·ªôi,4.625446,True
169421857,bin.tomshop.,H√† N·ªôi,4.817402,True
174605355,FASVIN Qu·∫ßn √Åo Th·ªÉ Thao,H√† N·ªôi,4.942437,False
582234812,ARIOSO,TP. H·ªì Ch√≠ Minh,4.894876,True
69125214,Jabasi menswear,H√† N·ªôi,4.862233,True
392691203,s∆° mi ho·∫°t ti·∫øt ƒëi bi·ªÉn ALcado,H√† N·ªôi,4.866051,True
436782,S√≥i Store Official,TP. H·ªì Ch√≠ Minh,4.834064,False
137567530,IkemenVN,H√† N·ªôi,4.833034,True
94387908,Diorgino Shop,TP. H·ªì Ch√≠ Minh,4.789989,True
448978223,Kyubi Shop Official,TP. H·ªì Ch√≠ Minh,4.878704,True
2392774,Chuy√™n s·ªâ th·ªùi trang online,TP. H·ªì Ch√≠ Minh,4.760307,True
20314702,Boin Shop chuy√™n h√†ng unisex,TP. H·ªì Ch√≠ Minh,4.834603,True
87845783,KING SPORT,H√† N·ªôi,4.698411,True
31245176,ecollect,H√† N·ªôi,4.848711,True
193863118,dt_shopunisex (276),TP. H·ªì Ch√≠ Minh,4.576248,True
52295199,sonmin_unisex,TP. H·ªì Ch√≠ Minh,4.801631,True
93418550,NQ30_store,TP. H·ªì Ch√≠ Minh,4.905353,True
293953556,THANH_STORE1988,TP. H·ªì Ch√≠ Minh,4.732771,True
649496529,Qu·∫ßn_ƒê√πi _N·ªØ,Nam ƒê·ªãnh,4.54919,True
153602447,MARINES,H√† N·ªôi,4.786117,True
294231317,hidas.vn,H√† N·ªôi,4.809785,False
707725689,The 1975,H√† N·ªôi,4.804022,True
326587743,Th·ªùi Trang Nam - Trung Store,TP. H·ªì Ch√≠ Minh,4.859571,True
243384822,DOLIMAN.,H√† N·ªôi,4.813614,True
14951000,zenkocs3,H√† N·ªôi,3.350375,False
896978992,X∆∞·ªüng May Ng·ªçc Anh 83,H√† N·ªôi,4.772622,False
170286788,soft.menswear,H√† N·ªôi,4.8572,True
61261760,Vettino,H√† N·ªôi,4.759645,True
79669372,Binbin- SPORT,H√† N·ªôi,4.802674,True
140832135,Urano -X∆∞·ªüng may ƒë·ªì nam ,H√† N·ªôi,4.812447,True
86644295,Lee FALLE Vi·ªát Nam,H√† N·ªôi,4.739176,True
17350662,ShopmeMit- S·ªâ √Åo ƒêo√†n √Åo C·ªù VN,H√† N·ªôi,4.843806,True
406398323,Sanvadio_Official,H√† N·ªôi,4.856267,True
228342708,thoitrang1886,H√† N·ªôi,4.683179,True
156143355,Replei1986.vn,TP. H·ªì Ch√≠ Minh,4.906428,False
606026712,Titanic,H√† N·ªôi,4.675892,True
583181947,HT - ƒê·ªì Nam Cao C·∫•p,H√† N·ªôi,4.746833,True
16580482,Zenkonu Clothes,H√† N·ªôi,4.359785,True
840666972,Paulina.men,H√† N·ªôi,4.682495,False
101728720,Thanh t√¢m shop,TP. H·ªì Ch√≠ Minh,4.613164,False
225269509,XuongMayHaHa,H√† N·ªôi,4.833529,True
31031431,TOMSTORE,Nam ƒê·ªãnh,4.778394,True
138829841,TrendyMan,H√† N·ªôi,4.672609,True
81023597,phuonguyen38,H√† N·ªôi,4.752288,True
543993988,hangnampvpb,H√† N·ªôi,4.699632,False
408171663,Wind_Fashion,TP. H·ªì Ch√≠ Minh,4.721451,True
703090265,GODMOTHER,H√† N·ªôi,4.917818,False
322123022,Sevenzia Official,TP. H·ªì Ch√≠ Minh,4.910844,True
96065719,DAVIES,ƒê√† N·∫µng,4.940106,False
396435701,Mophus Store,H√† N·ªôi,4.728963,False
391947995,HOTOCO STORE,H√† N·ªôi,4.89155,False
106844825,cinder.club,TP. H·ªì Ch√≠ Minh,4.877347,True
320862336,THE FOX BRAND,TP. H·ªì Ch√≠ Minh,4.903196,True
200059109,Top1Shop,TP. H·ªì Ch√≠ Minh,4.519814,True
404534,EIGHTYSIX,H√† N·ªôi,4.851456,True
102135424,SNOWB,TP. H·ªì Ch√≠ Minh,4.833015,False
6150152,Gemm Shop,H√† N·ªôi,4.811501,True
541806653,MANSHOP - Qu·∫ßn √Åo Unisex,H√† N·ªôi,4.69196,True
835435,TORANO Official Store,H√† N·ªôi,4.882169,False
27174606,√Åo Thun nam LIYOR,TP. H·ªì Ch√≠ Minh,4.873355,True
885248056,Stressoutvn_official,B·∫Øc Ninh,4.817337,False
42834280,NGUY·ªÑN_STORE,TP. H·ªì Ch√≠ Minh,4.492816,True
275570035,HIDDLE -Qu·∫ßn √°o nam ch√≠nh h√£ng,ƒê√† N·∫µng,4.887895,False
2211180,tu151997,Nam ƒê·ªãnh,4.656713,False
264280458,Arrow.vn,TP. H·ªì Ch√≠ Minh,4.94272,False
229325798,Pandax,ƒê·∫Øk L·∫Øk,4.843803,False
126065931,Apollo Menswear,H√† N·ªôi,4.802522,False
473904761,JOGGER OFFICIAL,H√† N·ªôi,4.845086,False
99939683,Nutriboost93,H√† N·ªôi,4.744695,True
24710134,Coolmate - Official Store,H√† N·ªôi,4.922593,False
395312479,INDOCHI VN,H√† N·ªôi,4.831019,True
45402331,CITY CYCLE I QU·∫¶N √ÅO UNISEX ,H√† N·ªôi,4.885166,False
73635242,ktrip,H√† N·ªôi,4.866717,True
35080757,LADOS,TP. H·ªì Ch√≠ Minh,4.869013,False
34525738,Shop Unisex88 ,H√† N·ªôi,4.763175,True
600085837,topmen.fashion,H∆∞ng Y√™n,4.499211,False
457460497,T&T.official,H√† N·ªôi,4.758338,True
62621191,√Åo kho√°c Thanh Xu√¢n Store,TP. H·ªì Ch√≠ Minh,4.769949,True
419920886,HO√ÄNG QU√ÇN_FASHION,TP. H·ªì Ch√≠ Minh,4.371094,False
430810672,zhitao.vn,N∆∞·ªõc ngo√†i,4.573116,False
96652958,Chiwawa Shop,TP. H·ªì Ch√≠ Minh,4.784548,True
142167450,x∆∞·ªüng s·∫£n xu·∫•t c√¥ng l√¢m,H√† N·ªôi,4.912371,True
583780974,1996 BLUE,H√† N·ªôi,4.813412,True
318031417,PARADOX,TP. H·ªì Ch√≠ Minh,4.854264,False
46855166,LeeZone,H√† N·ªôi,4.890219,True
63251786,F.S.Shop68 - √Åo Kho√°c Unisex,TP. H·ªì Ch√≠ Minh,4.606656,True
956234054,DHShop.Fashion,H√† N·ªôi,4.99104,False
269466240,Elnido Unisex Brand,H√† N·ªôi,4.869169,False
188686310,Shop Unisex99,TP. H·ªì Ch√≠ Minh,4.707756,True
207962048,TH·ªúI TRANG NAM Winkystore,ƒê·∫Øk L·∫Øk,4.688425,True
216307987,Xa La Ph·ªë,H√† N·ªôi,4.818048,True
448799090,Th·ªùi Trang Hot Trend Gi√° X∆∞·ªüng,H√† Nam,4.362121,True
17407875,√Åo ch·ªëng n·∫Øng th·ªùi trang,H√† N·ªôi,4.760877,True
23918770,Topdynamic,TP. H·ªì Ch√≠ Minh,4.789132,True
287457008,√îng Tr√πm S·ªâ - Qu·∫ßn √Åo Th·ªÉ Thao,TP. H·ªì Ch√≠ Minh,4.854961,True
98786100,nowsaigon,TP. H·ªì Ch√≠ Minh,4.919626,False
846354060,ABCD Boutique,H√† N·ªôi,4.849438,True
45660011,RON Fashion,TP. H·ªì Ch√≠ Minh,4.863586,False
3612200,GEM STORE,H√† N·ªôi,4.776586,True
821793784,üëñAnXuan-Zc.vn,N∆∞·ªõc ngo√†i,4.18509,False
401401593,X∆∞·ªüng may Anh Vi·ªát,H√† N·ªôi,4.659993,False
824106472,NCH Fashion,L√¢m ƒê·ªìng,4.586455,False
603370680,Orange Clothes,H√† N·ªôi,4.769938,True
421779939,Outerity,TP. H·ªì Ch√≠ Minh,4.930738,True
453981998,X∆∞·ªüng may Anh Qu√¢n Chuy√™n S·ªâ,H√† N·ªôi,4.70274,True
456612539,TOMIJUN,H√† N·ªôi,4.84137,True
299400775,Happy Style - S·ªë 1 M≈© N√≥n VN,TP. H·ªì Ch√≠ Minh,4.947004,True
31051904,jaystoree2,TP. H·ªì Ch√≠ Minh,4.822886,True
165762473,Shop Th·ªùi Trang MAI MY,H√† N·ªôi,4.794605,True
76379970,VALENTINA FASHION,TP. H·ªì Ch√≠ Minh,4.465527,True
111377202,Ao Khoac Gia Soc,TP. H·ªì Ch√≠ Minh,4.734942,False
65375567,X∆∞·ªüng th·ªùi trang Unisex 2022,TP. H·ªì Ch√≠ Minh,4.847857,True
537291716,EXP X∆∞·ªüng May √ÅoThun,H·∫£i D∆∞∆°ng,4.845631,False
273900498,Symbolic.studio,TP. H·ªì Ch√≠ Minh,4.820856,False
68143471,22.Nastore,TP. H·ªì Ch√≠ Minh,4.798804,True
841720875,sgenzbrand.vn,H√† N·ªôi,4.690138,False
133725512,KUN SHOP UNISEX,TP. H·ªì Ch√≠ Minh,4.859966,True
824160618,SINRANSINYA,N∆∞·ªõc ngo√†i,4.553485,True
419257193,NEW UNISEX ,TP. H·ªì Ch√≠ Minh,4.434783,True
817094059,thoitrang0989,H√† N·ªôi,4.768167,True
392151757,LC_Touring_Style,TP. H·ªì Ch√≠ Minh,4.825175,False
390205325,4M OFFICIAL,H√† N·ªôi,4.888733,True
36052264,Florida Gym & Fitness,TP. H·ªì Ch√≠ Minh,4.84542,False
144534504,HIGHCLUB,TP. H·ªì Ch√≠ Minh,4.884887,True
342933226,Life Unisex,TP. H·ªì Ch√≠ Minh,4.83647,True
267995515,Gooan,TP. H·ªì Ch√≠ Minh,4.889987,False
881412681,Wish Up,N∆∞·ªõc ngo√†i,4.390598,False
816261176,KARANTS,TP. H·ªì Ch√≠ Minh,4.932881,False
32141923,Minh Th∆∞_Fashion,TP. H·ªì Ch√≠ Minh,4.420051,True
27198596,Anh Kh√¥i 2812,H√† N·ªôi,4.647101,True
23190430,"X∆∞·ªüng May √Åo N·∫Øng,√Åo polo",H√† N·ªôi,4.84682,True
159902650,Gin Store 2,ƒê·∫Øk L·∫Øk,4.832938,True
182930010,ShopMongCaiVN,Qu·∫£ng Ninh,4.791116,False
61522001,thuykeo12345,H√† N·ªôi,4.821024,False
62200279,Th·ªùi Trang N·ªØ Hari Queen,Nam ƒê·ªãnh,4.56393,True
748275580,Dolaro Brand Official,TP. H·ªì Ch√≠ Minh,4.70773,False
597663353,X∆∞·ªüng¬†May SUSU,H√† N·ªôi,4.70704,True
157167248,20SILK,H√† N·ªôi,4.711685,True
277381184,AFF LIGA official,N∆∞·ªõc ngo√†i,4.537253,True
829223927,Th·ªùi Trang HOKODY,H√† N·ªôi,4.651163,False
429827957,KPis Clothes Unisex,H√† N·ªôi,4.95245,False
16497279,Rin Store75,Th·ª´a Thi√™n Hu·∫ø,4.813244,True
86520703,theanh51shop,Ph√∫ Th·ªç,4.586449,True
107343471,yumy._.shop,TP. H·ªì Ch√≠ Minh,4.822673,True
37205924,SHOP GIANG BI,Ph√∫ Th·ªç,4.663344,True
366076468,D≈©ng Boutique - Th·ªùi trang nam,H√† N·ªôi,4.644927,True
702253916,SkyMall.vn,N∆∞·ªõc ngo√†i,4.697769,True
511405289,W311 Dotcom,H√† N·ªôi,4.801976,True
756697868,WHOA HA _Studio,H√† N·ªôi,4.859078,False
81536909,VB-SHOP,TP. H·ªì Ch√≠ Minh,4.785378,False
69893622,SOMETIME OFFICIAL,H√† N·ªôi,4.783761,False
473870353,Dino Shop - Th·ªùi Trang Nam,H√† N·ªôi,4.691243,True
188903465,tenji.official,TP. H·ªì Ch√≠ Minh,4.808132,True
278835698,Eighteen Official,H√† N·ªôi,4.72908,False
555290579,DC_Denim,ƒê√† N·∫µng,4.834632,False
94291560,WIN79 FASHION,TP. H·ªì Ch√≠ Minh,4.749878,True
751350899,alek_studio,TP. H·ªì Ch√≠ Minh,4.888333,True
10292472,√Åo len nam c·ªï l·ªç BITULA,H√† N·ªôi,4.741994,True
841424922,FAFIC STUDIO,TP. H·ªì Ch√≠ Minh,4.879308,True
21761133,Chili Club,TP. H·ªì Ch√≠ Minh,4.880959,True
238610121,OWL BRAND VI·ªÜT NAM ¬Æ,TP. H·ªì Ch√≠ Minh,4.879171,False
344080972,HADES STUDIO,TP. H·ªì Ch√≠ Minh,4.907341,False
155897434,Heybro.vn,H√† N·ªôi,4.900177,False
218396603,Unisex _ Junni B√πi,H√† N·ªôi,4.797283,False
332639199,Bad Habits Store,TP. H·ªì Ch√≠ Minh,4.920753,False
574105684,by.camcam,H√† N·ªôi,4.950016,True
123144878,RvR Official,H√† N·ªôi,4.926171,True
297841912,Haley unisex - Th·∫ø gi·ªõi Tee,H√† N·ªôi,4.833402,False
20921707,PhongShop.vn-Streetwear Unisex,H√† N·ªôi,4.720751,False
93839401,G·∫•u 194 - Th·ªùi trang Nam,ƒê·ªìng Nai,4.860473,False
536043859,MLINH SHOP UNISEX,H√† N·ªôi,4.83494,False
87873039,CHP Th·ªùi trang Unisex,TP. H·ªì Ch√≠ Minh,4.62902,True
155752147,DG . Station,TP. H·ªì Ch√≠ Minh,4.631738,True
629054163,UNIKA FASHION,H√† N·ªôi,4.853498,True
424399714,Wind Official,B√¨nh D∆∞∆°ng,4.856105,False
140588750,BLVCK CLOTHING,TP. H·ªì Ch√≠ Minh,4.882914,False
377580120,Ph·ª• Ki·ªán Ho√†ng Khang,B√¨nh Thu·∫≠n,4.92135,True
14859451,Vegsivir.hn,H√† N·ªôi,4.893953,True
87863418,THE_ONE_1605,Nam ƒê·ªãnh,4.757741,True
811750799,TIANO Fashion,H√† N·ªôi,3.913386,False
431678290,UNICI FASHION,H√† N·ªôi,4.838015,True
837911229,SoLa Th·ªùi Trang Nam N·ªØ,Ninh Thu·∫≠n,4.904959,False
136711124,Lavi Studio,H√† N·ªôi,4.89954,False
240215239,Candles,H√† N·ªôi,4.889967,False
470249086,T&T_STORE,H√† N·ªôi,4.861613,True
286273312,„ÄêIFNICEFUTURE„ÄëC·ª≠a h√†ng th·ªùi tr,N∆∞·ªõc ngo√†i,4.739457,False
114733009,Luminos.brand,H√† N·ªôi,4.880729,True
549848362,CIAN Store99,H√† N·ªôi,4.859145,True
308848300,Bii¬†Shopp¬†Fashion,TP. H·ªì Ch√≠ Minh,4.566069,True
154644584,Zadola Fashion,Th√°i Nguy√™n,4.552376,True
299350464,c·ª≠a h√†ng qu·∫ßn √°o JW,N∆∞·ªõc ngo√†i,4.600329,False
65446542,Subin_2hand,TP. H·ªì Ch√≠ Minh,4.825229,False
603664323,FashionUnisex,H√† N·ªôi,4.325503,True
79397742,cloudcuckoo_official_store,H√† N·ªôi,4.900502,True
111790117,Monster X Street,H√† N·ªôi,4.842856,False
428242544,Vulcan Men's Clothing Store,N∆∞·ªõc ngo√†i,4.393193,False
575929405,devuvu,H√† N·ªôi,4.848534,True
346522633,Zunichi.vn,TP. H·ªì Ch√≠ Minh,4.787858,False
41373632,MVR Store,TP. H·ªì Ch√≠ Minh,4.914644,True
74348218,VN CLO,B√¨nh Thu·∫≠n,4.769311,False
68198879,MARCHY,TP. H·ªì Ch√≠ Minh,4.9184,True
19204525,C.A.T.T,TP. H·ªì Ch√≠ Minh,4.813163,False
137527325,OHAY.CLUB2,Nam ƒê·ªãnh,4.885304,True
115901754,Mr.Herovn,H√† N·ªôi,4.840359,False
76464898,UMAD Streetwear,TP. H·ªì Ch√≠ Minh,4.749928,True
148023117,Dragonbyboi - DGB,TP. H·ªì Ch√≠ Minh,4.868184,True
351232338,themidside_,TP. H·ªì Ch√≠ Minh,4.841768,False
289694452,qt.house_official,H√† N·ªôi,4.905505,True
19236822,K-Boy Station,TP. H·ªì Ch√≠ Minh,4.847273,True
55423949,Insane Clo,TP. H·ªì Ch√≠ Minh,4.910713,True
466678095,SomeThing.Studio,TP. H·ªì Ch√≠ Minh,4.854181,False
881288297,Infinite.vn,N∆∞·ªõc ngo√†i,4.621764,True
419345314,1hit_Unisex,TP. H·ªì Ch√≠ Minh,4.842744,True
827865428,OVERMAN - X∆∞·ªüng Th·ªùi Trang Nam,H√† N·ªôi,4.70927,False
329396034,CAPMAN,TP. H·ªì Ch√≠ Minh,4.940101,False
798349148,Hoodie Official Store,TP. H·ªì Ch√≠ Minh,4.783467,True
175399752,Mean Store - Th·ªùi trang unisex,H√† N·ªôi,4.89194,True
490011593,DKSG.OFFICIAL,TP. H·ªì Ch√≠ Minh,4.761334,True
391346146,Tanazi Closet,TP. H·ªì Ch√≠ Minh,4.796245,True
863268258,Catchy.club,TP. H·ªì Ch√≠ Minh,4.865297,True
618290096,Motagna fashion,H√† N·ªôi,4.897678,True
180180405,YuMiTa,Nam ƒê·ªãnh,4.842709,True
136635692,dx.resell,TP. H·ªì Ch√≠ Minh,4.952783,True
702440963,MelodyZ Studio,H√† N·ªôi,4.941352,True
408343488,UDAS Original,TP. H·ªì Ch√≠ Minh,4.87947,False
363435802,Mmoptop,B·∫Øc Ninh,4.789501,False
14889238,phuongmyt,Nam ƒê·ªãnh,4.602046,True
449725752,Blue Streetwear,Gia Lai,4.816272,False
293356067,STORE.UNISEX,Nam ƒê·ªãnh,4.761911,False
806788334,Baofeng.vn,N∆∞·ªõc ngo√†i,4.72103,True
274021079,HD Shop Qu√¢ÃÄn AÃÅo Th∆°ÃÄi Trang,Nam ƒê·ªãnh,4.528897,True
59576228,2hand.virus,TP. H·ªì Ch√≠ Minh,4.963979,False
40342563,Aviano Menswear,H√† N·ªôi,4.854384,False
598840343,LUCID.vn,H∆∞ng Y√™n,4.840949,False
806908697,MODA_OFFICIAL,T√¢y Ninh,4.855,True
595770643,Shop¬†2Hand¬†LinhMinSu,H√† N·ªôi,4.876891,False
5484002,S·ªëp Ph√¥ Mai,TP. H·ªì Ch√≠ Minh,4.942767,True
134741968,TTshop Unisex,H·∫£i D∆∞∆°ng,4.470579,True
590287691,PH·ªê¬†TH·ªúI TRANG HOT TEEN,H√† N·ªôi,4.284137,False
32239491,COSSI-TH·∫æ GI·ªöI √ÅO THUN,H√† N·ªôi,4.859758,True
116194910,tubeeshop,TP. H·ªì Ch√≠ Minh,4.911903,True
22417880,PQK boutique,TP. H·ªì Ch√≠ Minh,4.834921,True
332828338,YANDO - Fashion,TP. H·ªì Ch√≠ Minh,4.911435,False
540922736,OHAY.CLUB,Nam ƒê·ªãnh,4.90308,True
179042207,SSStutter,H√† N·ªôi,4.84781,False
611005287,Poman luxury ,H√† N·ªôi,4.928114,False
41904504,Wecan,H√† N·ªôi,4.874201,True
26578254,Cty Vest H·ªìng Ng·ªçc,H√† N·ªôi,4.91673,False
182023088,Th·ªùi Trang Nam N·ªØ T&T Shop,H√† N·ªôi,4.879227,False
277061178,DMA - JEANS COLLECTION,Thanh H√≥a,4.954182,False
313477137,YJ740 Men Clothes Store,N∆∞·ªõc ngo√†i,4.661565,True
230953643,Helloyou Store,H√† N·ªôi,4.83753,False
51043293,Sans Shop Fashion,H√† N·ªôi,4.83436,True
184459498,Michen_CLOTHING,H√† N·ªôi,4.902719,True
23628966,GU Shop HCM,TP. H·ªì Ch√≠ Minh,4.886723,True
714368184,SCOTT SOR,H√† N·ªôi,4.8669,True
17888716,4ManShops,TP. H·ªì Ch√≠ Minh,4.736559,False
75459887,LOAN LANA ORDER,H√† N·ªôi,4.87171,False
221366989,IVY moda,H√† N·ªôi,4.847927,False
898347066,Extreme men's wear,N∆∞·ªõc ngo√†i,4.431579,False
793237151,Viz Offical,Ngh·ªá An,4.902439,False
712018829,Q&QSTORE,Nam ƒê·ªãnh,4.887574,False
293954327,Shop Suit 88,H√† N·ªôi,4.830424,False
259681663,JBAGY OFFICIAL,H√† N·ªôi,4.870597,True
418533701,Best  Apparel,N∆∞·ªõc ngo√†i,4.788073,True
90335426,X∆∞·ªüng C√† V·∫°t,H√† N·ªôi,4.790843,True
74379357,Th·ªùi trang nam CATSA,TP. H·ªì Ch√≠ Minh,4.847047,False
24090008,X∆∞·ªüng may th·ªùi trang 90,TP. H·ªì Ch√≠ Minh,4.488579,False
808471198,Crazyman Store,H√† N·ªôi,4.267303,False
393325911,MALTRIK TH·ªúI TRANG NAM BIGSIZE,H√† N·ªôi,4.899054,True
572262869,Th·ªùi Trang Nam BIGSIZE MALTRIK,H√† N·ªôi,4.876248,False
777607262,Harley Clothes,H√† N·ªôi,4.705023,True
11043,Rhodishop,H√† N·ªôi,4.890426,True
67316437,Vest Nam Gi√° S·ªâ,TP. H·ªì Ch√≠ Minh,4.912865,False
923296668,Sindy Qu·∫ßn √°o,N∆∞·ªõc ngo√†i,4.612903,False
135554853,ƒê·ªì B·ªô Trung Ni√™n,TP. H·ªì Ch√≠ Minh,4.915868,True
46137745,Thor.store,TP. H·ªì Ch√≠ Minh,4.818539,True
50272969,DRANO,H√† N·ªôi,4.847115,True
445407226,NTC Vi·ªát Nam,H√† N·ªôi,4.710128,False
278254059,MISAKI SHOP FASHION STYLE,H√† N·ªôi,4.729537,True
423737352,NOOBITA,C·∫ßn Th∆°,4.916982,True
289682861,ELEBUY,N∆∞·ªõc ngo√†i,4.819917,False
171157061,TINY KING √Åo Qu·∫ßn-Ph·ª• ki·ªán,TP. H·ªì Ch√≠ Minh,4.800216,True
924326458,zhaoerquan2.vn,N∆∞·ªõc ngo√†i,4.6875,False
152886956,OLD SAILOR,TP. H·ªì Ch√≠ Minh,4.88189,False
77422392,freshone.vn,N∆∞·ªõc ngo√†i,4.680796,True
252373139,bo.bacninh,B·∫Øc Ninh,4.843653,True
30993650,SHOP Y·∫æN ARMY,H√† N·ªôi,4.860677,True
91072402,Vƒ®NH PH√ÅT SHOP ONLINE,TP. H·ªì Ch√≠ Minh,4.840446,True
36267956,yadothoitrang,TP. H·ªì Ch√≠ Minh,4.179612,False
513128878,Traz Official Store,ƒê√† N·∫µng,4.268237,False
66325974,HIM_SHOPP,H√† N·ªôi,4.915499,True
397008890,Th·ªùi Trang FANANO,H√† N·ªôi,4.879566,False
275075581,nhoi_shop,TP. H·ªì Ch√≠ Minh,4.607366,True
135245080,instylelady.vn,N∆∞·ªõc ngo√†i,4.745318,False
681650491,Cty Vestton H·ªìng Ng·ªçc,H√† N·ªôi,4.955451,False
328950600,yubangcar2.vn,N∆∞·ªõc ngo√†i,4.788292,False
104109522,Vest Vi·ªát Ti·∫øn Th√†nh Company,H√† N·ªôi,4.901656,False
24515076,Mavota,H√† N·ªôi,4.851242,False
44363398,QU·∫¶N¬†√ÅO¬†GI√Å S·ªà,TP. H·ªì Ch√≠ Minh,4.718873,True
309945252,FreeLife,N∆∞·ªõc ngo√†i,4.816327,False
102041787,AKUBA,TP. H·ªì Ch√≠ Minh,4.845576,False
108287286,Shop Qu·∫ßn √Åo Nam Trung Ni√™n,H√† N·ªôi,4.805762,True
64546002,ph·ª• li·ªáu may Dung,TP. H·ªì Ch√≠ Minh,4.955055,True
945360034,BAETON Menswear,H√† N·ªôi,4.890323,False
35296526,AdamZone,H√† N·ªôi,4.884789,True
332892440,V√¨Con,TP. H·ªì Ch√≠ Minh,4.883475,False
12057263,Hai Boutique,H√† N·ªôi,4.608147,True
881445709,hpyiowa243.vn,N∆∞·ªõc ngo√†i,4.514414,False
1787440,FACIOSHOP.COM,TP. H·ªì Ch√≠ Minh,4.637124,False
283603728,quanaonamgiaredep,H√† Tƒ©nh,4.770667,True
4025510,Pink86 Fashion,H√† N·ªôi,4.905366,True
852827433,Kings Fashion,H√† N·ªôi,4.959551,False
648979132,Th·ªùi Trang Hoa T∆∞·ªùng,L√†o Cai,4.860215,False
401161352,Patomi.Studio,H√† N·ªôi,4.940268,True
446877313,Fashion boy shop,N∆∞·ªõc ngo√†i,4.556776,False
14353772,Th·ªùi Trang Cao C·∫•p XT,H√† N·ªôi,4.842967,False
14971199,X∆∞·ªüng may gi√° g·ªëc FATUNO,H√† N·ªôi,4.691513,True
947035926,Aiden.,N∆∞·ªõc ngo√†i,4.61753,True
125923767,Win unisex,TP. H·ªì Ch√≠ Minh,4.632927,False
77583655,dothethaovadulich,TP. H·ªì Ch√≠ Minh,4.858228,False
264982891,Handsome boy costume,N∆∞·ªõc ngo√†i,4.539068,False
365141520,X-Man Clothing studio,N∆∞·ªõc ngo√†i,4.507155,False
108392060,NPV Official Store,H√† N·ªôi,4.781711,False
455322750,jarred.vn,N∆∞·ªõc ngo√†i,4.79354,True
135245002,burbuerry.vn,N∆∞·ªõc ngo√†i,4.717123,False
614190155,Biluxury H√†Tƒ©nh,H√† Tƒ©nh,4.856838,False
169177859,shop9297,H√† N·ªôi,4.775,False
71415582,LEAFA,H√† N·ªôi,4.714377,False
710548973,MANTO FASHION,H√† N·ªôi,4.872878,True
34991492,ShingHai Closet,TP. H·ªì Ch√≠ Minh,4.812684,True
805102808,JinXiaoQi.vn,N∆∞·ªõc ngo√†i,4.705426,False
70644242,Tie Dye Boutique,ƒê√† N·∫µng,4.858657,False
415434839,vntiraocean.vn,N∆∞·ªõc ngo√†i,4.587302,False
110125810,Ti·ªám may An Nhi√™n,H√† N·ªôi,4.874172,True
772624445,m3vnxk,H√† N·ªôi,4.872483,False
42083832,AN KHANG th·ªùi trang trung ni√™n,H√† N·ªôi,4.902004,False
285035222,Edana Menswear,H√† N·ªôi,4.926151,False
371720283,yaxin.vn,N∆∞·ªõc ngo√†i,4.736603,False
265349157,Gman Menswear,H√† N·ªôi,4.783208,False
160115943,Vanus Shop,H√† N·ªôi,4.566406,False
120930241,vyvy_¬†order¬†china,B·∫Øc Ninh,4.813419,False
43370538,Mousi 2hand- vintage clothing,TP. H·ªì Ch√≠ Minh,4.948594,True
323179156,FANBOU ,TP. H·ªì Ch√≠ Minh,4.797583,False
63843000,B·ªô vest nam cao c·∫•p -Tiano,Th√°i B√¨nh,4.780612,False
242001490,NH√Ä MAY HI·ªÄN QU·∫¢NG,H√† N·ªôi,4.718931,False
266822747,COTINI_LUXURY,H√† N·ªôi,4.96284,False
331167319,Chilly Order,H√† N·ªôi,4.789877,False
423326166,JN Fashion Men's wear,N∆∞·ªõc ngo√†i,4.715782,False
773658384,PARTY GO,N∆∞·ªõc ngo√†i,4.717026,True
881448782,SP.MEN.FASHION,N∆∞·ªõc ngo√†i,4.633188,True
266591515,Th·ªùi Trang Nam VINTINO,H√† N·ªôi,4.888715,True
82409846,giggle.vn,N∆∞·ªõc ngo√†i,4.741929,False
799955441,Mike ^_^ Fshion,N∆∞·ªõc ngo√†i,4.592857,False
862631189,TiraCare,H√† N·ªôi,4.659091,False
808767740,Athenas.official,TP. H·ªì Ch√≠ Minh,4.829474,False
583026101,F&X Transgender Clothing,N∆∞·ªõc ngo√†i,4.548387,True
600859158,V√ÇU¬†OFFICIAL,TP. H·ªì Ch√≠ Minh,4.876923,False
312488479,cemmery,TP. H·ªì Ch√≠ Minh,4.92037,True
558636342,AHSTORE - TH·ªúI TRANG NAM,H√† N·ªôi,4.800716,True
44651390,Thoitrangchipxinh,H√† N·ªôi,4.699005,False
478675228,TANxm37,TP. H·ªì Ch√≠ Minh,4.889269,True
375302160,h.m_store_fashion,ƒê·∫Øk L·∫Øk,4.889694,False
90214324,Todayismysunday¬†.vn,TP. H·ªì Ch√≠ Minh,4.930375,True
639792782,cacwtee7.vn,N∆∞·ªõc ngo√†i,4.23988,False
37581427,severmax,TP. H·ªì Ch√≠ Minh,4.719157,True
184241297,giadungmiennam123,TP. H·ªì Ch√≠ Minh,4.909921,True
606016937,gonz.brand,H√† N·ªôi,4.692476,False
413816036,√Åo ch·ªëng n·∫Øng D∆∞∆°ng Y·∫øn,H√† N·ªôi,4.659734,False
301657305,Number 5 -Th·ªùi trang nam,H√† N·ªôi,4.869663,True
296132807,SAIGONESE.Clothing,TP. H·ªì Ch√≠ Minh,4.901996,False
829345891,LocalBrand.studio,H√† N·ªôi,4.687136,True
327863047,ABANDON.STORE,H√† N·ªôi,4.725621,False
401916946,kim_boutique.86,H√† N·ªôi,4.778297,True
18140684,BL Fashion - √Åo Ch·ªëng N·∫Øng BL,H√† N·ªôi,4.779012,False
475456795,PROMAN - Th·ªùi Trang Nam,H√† N·ªôi,4.836804,True
710826886,ANGEL  STORE,H√† N·ªôi,4.771303,True
201774917,Guzado Official,H√† N·ªôi,4.909369,False
111363656,Sunshine Korea,TP. H·ªì Ch√≠ Minh,4.883226,True
17014332,NamiStyle,TP. H·ªì Ch√≠ Minh,4.792957,True
790931127,HA-BOUTIQUE,TP. H·ªì Ch√≠ Minh,4.547099,False
6761337,S√≥i Store Bigsize 38-100kg,TP. H·ªì Ch√≠ Minh,4.855041,True
69512327,BMF OFFICIAL,H√† N·ªôi,4.837085,True
198069764,AVANCO Fashion,H√† N·ªôi,4.819065,True
225499974,X∆∞·ªüng May 79,TP. H·ªì Ch√≠ Minh,4.76273,True
18851069,Grimm DC,TP. H·ªì Ch√≠ Minh,4.928093,False
319691351,Th·ªùi trang nam c√¥ng s·ªü nam ƒë·∫πp,H√† N·ªôi,4.751391,False
429838377,FASHION 1996,H∆∞ng Y√™n,4.729382,True
321631166,√Åo s∆° mi nam c√¥ng s·ªü cao c·∫•p,H√† N·ªôi,4.753211,False
403538125,Senko.Shop08,TP. H·ªì Ch√≠ Minh,4.846909,False
241309628,TOKYOLIFE OFFICIAL,H√† N·ªôi,4.88782,False
390829064,K7 UY T√çN,H√† N·ªôi,4.919637,True
117869677,Laroma.vn,H√† N·ªôi,4.897965,True
433779437,PMAX Official Store,H√† N·ªôi,4.904699,False
253842316,UMEBAY Official Store,H√† N·ªôi,4.876823,False
83192592,Couple TX Official,TP. H·ªì Ch√≠ Minh,4.916599,False
230909672,LAROMA FASHION,H√† N·ªôi,4.886815,False
439115986,ATINO Official,H√† N·ªôi,4.854661,False
298781288,GRAYHOMME OFFICIAL,H√† N·ªôi,4.860144,False
11325537,HAPPYLIVE.MALL,H√† N·ªôi,4.803701,True
408231808,The Bad God,H√† N·ªôi,4.86091,False
446752090,PUNDO,TP. H·ªì Ch√≠ Minh,4.846208,False
320682260,ViVa_Fashion,H√† N·ªôi,4.706129,False
4968569,H2P fashion,H√† N·ªôi,4.825704,False
199738986,Ulzzang.Club,TP. H·ªì Ch√≠ Minh,4.892137,False
45229342,√Åo ch·ªëng n·∫Øng nam kim c∆∞∆°ng,H√† N·ªôi,4.822619,True
806647981,HeyyouStudio,H√† N·ªôi,4.632074,True
197034845,TH·ªúI TRANG NAM-LANLAN FASHION,H√† N·ªôi,4.728074,True
455557468,Qu·∫ßn L√≥t Nam POMAN,H√† N·ªôi,4.797393,True
241144591,CK  STORE,H√† N·ªôi,4.678165,True
865760942,ZombieOfficial,TP. H·ªì Ch√≠ Minh,4.958367,False
333272368,Jean TH Store Official,TP. H·ªì Ch√≠ Minh,4.882462,False
392004043,Th·ªùi trang Minh Sport,TP. H·ªì Ch√≠ Minh,4.935166,True
173392916,YODY Official Store,H·∫£i D∆∞∆°ng,4.914463,False
436215093,LinhThuy15062014,H√† N·ªôi,4.662057,False
101863798,MegaZ,H√† N·ªôi,4.849936,True
828769874,SHOP_NEW,H√† N·ªôi,4.649367,False
734444162,DINO SPORT,H√† N·ªôi,4.72314,False
119044434,X∆∞·ªüng Th·ªùi Trang 96,TP. H·ªì Ch√≠ Minh,4.863636,False
216551565,Th·∫ø Gi·ªõi Th·ªùi Trang Nam,H√† N·ªôi,4.888362,True
273138753,Th·ªùi trang 2eight,H√† N·ªôi,4.870281,True
131941530,Ontop Brand,ƒê√† N·∫µng,4.898044,False
38855411,KATUSCO - Official Store,TP. H·ªì Ch√≠ Minh,4.843535,False
